0,panel
1,merriam
2,governments
3,tunnel
4,nightclub
5,rajasthan
6,mosque
7,lama
8,quilting
9,irene
10,swindon
11,courthouse
12,sedona
13,mermaid
14,beanie
15,hogtied
16,scarves
17,bee
18,hogtied
19,macau
20,ohm
21,bistro
22,hull
23,publish
24,burma
25,ashland
26,wheel
27,switchfoot
28,conservatory
29,golf
30,flower
31,emirates
32,ironing
33,superficial
34,homeowner
35,frog
36,reef
37,four
38,storms
39,stripes
40,kitchens
41,social
42,billboard
43,logos
44,bureau
45,trout
46,distances
47,finepix
48,businessman
49,kiribati
50,housewife
51,safaris
52,organisms
53,koh
54,nasa
55,bracelet
56,blossom
57,locker
58,piano
59,eo
60,auxiliary
61,visitation
62,dried
63,linen
64,epson
65,topless
66,brussels
67,triathlon
68,caves
69,cola
70,carriage
71,infiniti
72,hand
73,granada
74,webcam
75,planting
76,anchor
77,lq
78,brackets
79,thinkpad
80,pies
81,jockey
82,vail
83,handbag
84,turkmenistan
85,surf
86,buick
87,earrings
88,torres
89,maternal
90,alice
91,mansion
92,fundraiser
93,briefcase
94,darwin
95,grizzly
96,banff
97,driver
98,merely
99,leopard
100,ign
101,grass
102,burkina
103,williamsburg
104,buses
105,wilson
106,prac
107,yellow
108,crown
109,ladder
110,gnu
111,social
112,staa
113,roses
114,metric
115,dj
116,prac
117,ironing
118,stuttgart
119,sportswear
120,conducting
121,olympics
122,training
123,singapore
124,supernatural
125,insects
126,barrels
127,settlers
128,montserrat
129,altar
130,jars
131,preferred
132,bridgewater
133,softball
134,aston
135,cereal
136,hopper
137,winter
138,rabbits
139,chimney
140,salads
141,loses
142,rajasthan
143,aero
144,pope
145,svalbard
146,socks
147,belt
148,cherries
149,spc
150,mixing
151,vaio
152,justify
153,carcinoma
154,strawberry
155,coats
156,armenia
157,cabaret
158,owls
159,spirituality
160,pines
161,workgroup
162,ethiopian
163,melanoma
164,fertile
165,shorts
166,volleyball
167,swings
168,waterfall
169,profile
170,tattoo
171,waterfall
172,tanks
173,quilts
174,handmade
175,scrapbooking
176,yoga
177,bugs
178,infertility
179,medal
180,bouquet
181,formal
182,chandelier
183,crate
184,thessalonians
185,licensed
186,affirm
187,prohibited
188,fishing
189,beach
190,spain
191,skipping
192,forte
193,finepix
194,bloodhound
195,jbl
196,causes
197,europa
198,landscape
199,kayaking
200,barney
201,zebra
202,dhcp
203,annual
204,settlement
205,arabs
206,candles
207,walmart
208,tube
209,orbitz
210,cancers
211,lehigh
212,burger
213,surf
214,bild
215,fixture
216,fed
217,judaism
218,fairies
219,savanna
220,harbour
221,luck
222,michigan
223,sand
224,bucket
225,mags
226,snow
227,toulouse
228,inks
229,invented
230,sale
231,swimming
232,cockpit
233,manufacturing
234,prohibited
235,necklaces
236,passengers
237,beetle
238,maine
239,whisper
240,banner
241,deck
242,candle
243,mclaren
244,salem
245,hunks
246,leaves
247,packers
248,plants
249,lighthouse
250,musician
251,canterbury
252,fierce
253,lama
254,dollars
255,celebrex
256,resorts
257,basketball
258,reuters
259,moroccan
260,butterflies
261,garages
262,pendants
263,arrays
264,forte
265,running
266,armenia
267,collisions
268,arabic
269,garden
270,date
271,emacs
272,lithuanian
273,servicing
274,highways
275,wedding
276,instructors
277,crete
278,wiltshire
279,ll
280,builders
281,gazette
282,huskies
283,tonga
284,hands
285,plugs
286,river
287,clapton
288,fairbanks
289,tractor
290,westfield
291,composites
292,stripes
293,fireplace
294,ix
295,pac
296,baptism
297,liechtenstein
298,loader
299,crocodile
300,parfum
301,habit
302,powerpc
303,iu
304,chiang
305,crochet
306,highlighted
307,rewrite
308,homer
309,parking
310,lines
311,breastfeeding
312,yugoslavia
313,oldsmobile
314,kid
315,avail
316,chapel
317,grass
318,wsop
319,wnba
320,griffith
321,mansion
322,palau
323,pyramid
324,organisations
325,faroe
326,gloves
327,columns
328,quake
329,somalia
330,turquoise
331,addresses
332,imposing
333,smilies
334,burgundy
335,suits
336,cliffs
337,festival
338,profile
339,causes
340,florence
341,fiat
342,nws
343,evolutionary
344,slow
345,sleeve
346,foam
347,gym
348,feeding
349,singer
350,candles
351,submarine
352,fathers
353,freight
354,barn
355,cocktails
356,dinner
357,monroe
358,aladdin
359,undefined
360,backgammon
361,construction
362,waltz
363,lax
364,alps
365,lavender
366,arden
367,costumes
368,somalia
369,concrete
370,nascar
371,downhill
372,myspace
373,hockey
374,moscow
375,econpapers
376,wicker
377,universidad
378,annex
379,statue
380,door
381,rally
382,legislature
383,bicycles
384,campgrounds
385,august
386,wine
387,clones
388,bridal
389,miquelon
390,couple
391,floral
392,convertible
393,organizer
394,trains
395,fireplace
396,champagne
397,singing
398,santa
399,judaism
400,hair
401,infantry
402,runners
403,bizjournalshire
404,brace
405,patterns
406,heels
407,seven
408,settlers
409,kayaking
410,banner
411,confrontation
412,kumar
413,crane
414,bakery
415,seafood
416,maserati
417,lattice
418,waterfall
419,sentences
420,interiors
421,bizjournalshire
422,garden
423,curtain
424,fittings
425,sonoma
426,barber
427,punctuation
428,senior
429,roses
430,concentration
431,tuition
432,moroccan
433,tribal
434,pooh
435,leigh
436,ireland
437,punjab
438,insect
439,hopper
440,rudolph
441,netbsd
442,ciara
443,gowns
444,rover
445,banner
446,ascii
447,mclaren
448,butterfly
449,brides
450,cushions
451,liner
452,distributors
453,towns
454,clerical
455,penguin
456,farming
457,interviewing
458,catcher
459,creek
460,ambulance
461,arrays
462,wavelength
463,macy
464,mound
465,directional
466,cerevisiae
467,horses
468,facilitating
469,birds
470,downhill
471,umbrella
472,westwood
473,nasal
474,fish
475,social
476,northumberland
477,sandisk
478,saxon
479,paige
480,cabins
481,woodstock
482,habit
483,indonesia
484,newspaper
485,baht
486,moroccan
487,waterways
488,santa
489,succeed
490,washers
491,cricket
492,brokers
493,francaise
494,smartphone
495,ottawa
496,cottage
497,earlier
498,citroen
499,morton
500,seychelles
501,alarms
502,scarf
503,lattice
504,subway
505,tyr
506,bricks
507,yr
508,tamil
509,tourists
510,banner
511,classroom
512,dances
513,lq
514,debut
515,windshield
516,lancaster
517,profiles
518,supernatural
519,gala
520,australia
521,biking
522,defenses
523,overcast
524,linens
525,blackboard
526,oxfordshire
527,roofing
528,bride
529,purple
530,sofa
531,seminary
532,putting
533,swords
534,triathlon
535,madrid
536,villages
537,micronesia
538,professions
539,lay
540,stirling
541,turf
542,scheduler
543,cinemas
544,spain
545,halt
546,unstable
547,transcript
548,sunflower
549,statue
550,exposures
551,boutique
552,lime
553,managerial
554,dtd
555,rugby
556,hike
557,chess
558,hummer
559,robot
560,ams
561,childbirth
562,sedona
563,rent
564,nationalist
565,buffalo
566,workout
567,beard
568,tesco
569,earl
570,britney
571,algeria
572,phonephone
573,openoffice
574,monitored
575,trent
576,chennai
577,neonatal
578,ngc
579,afl
580,rihanna
581,chili
582,buffers
583,bridges
584,atm
585,advent
586,alma
587,pillows
588,yankees
589,zealand
590,europa
591,seated
592,pizza
593,backpacking
594,vests
595,restaurant
596,moroccan
597,bookshelf
598,maze
599,mercury
600,waterfall
601,malta
602,eating
603,manhattan
604,guernsey
605,screensaver
606,plan
607,filtered
608,doors
609,panoramic
610,squirrel
611,transistor
612,redwood
613,valentino
614,interviews
615,bra
616,moroccan
617,mitsubishi
618,maternal
619,bridges
620,fringe
621,lisbon
622,cafeteria
623,gemstones
624,organ
625,windy
626,emu
627,buick
628,camel
629,clerks
630,devils
631,migrant
632,musicals
633,defense
634,washington
635,musical
636,cigar
637,washington
638,collier
639,coats
640,chalet
641,canterbury
642,rwanda
643,meridia
644,petite
645,inuyasha
646,inequalities
647,bucket
648,restaurant
649,cottage
650,snowy
651,guatemala
652,banff
653,thinkpad
654,cathedral
655,rocks
656,framed
657,drawings
658,purdue
659,switchfoot
660,steering
661,inception
662,galveston
663,ballet
664,composites
665,oscommerce
666,redhead
667,nest
668,surveyor
669,trio
670,williamsburg
671,oxford
672,booty
673,jaguar
674,lighthouse
675,marsh
676,scottish
677,binoculars
678,aquaculture
679,magnolia
680,theo
681,utensils
682,paced
683,eo
684,manicures
685,bouquet
686,mechanic
687,krishna
688,navy
689,aura
690,leaf
691,cathedral
692,decorate
693,hottie
694,jumping
695,renewable
696,banner
697,murakami
698,delphi
699,ripley
700,tamiflu
701,steelers
702,bbq
703,castle
704,fence
705,bicycle
706,voted
707,cornwall
708,burkina
709,toddlers
710,tapestry
711,serious
712,tomato
713,slower
714,geophysics
715,bench
716,travelodge
717,rocky
718,trio
719,artillery
720,profile
721,counters
722,rainbow
723,ronald
724,volleyball
725,playground
726,tights
727,tiffany
728,nav
729,guess
730,struck
731,launch
732,finishing
733,bracelets
734,guitar
735,pantyhose
736,locker
737,profile
738,engraving
739,kitchen
740,movable
741,weights
742,chestnut
743,earlier
744,snow
745,dram
746,gender
747,nikki
748,beach
749,cookies
750,silhouette
751,auditorium
752,exhaustive
753,alloy
754,swan
755,elephant
756,australia
757,participants
758,monde
759,piano
760,binoculars
761,eagle
762,garrison
763,woody
764,cote
765,kenya
766,sidney
767,vitality
768,run
769,disneyland
770,winery
771,usher
772,sunset
773,amid
774,godsmack
775,gown
776,mets
777,mirror
778,ankle
779,keyboards
780,clic
781,fundraiser
782,surveyors
783,atreyu
784,pvc
785,elevator
786,elvis
787,window
788,arch
789,upskirt
790,florist
791,labrador
792,holocaust
793,hardcover
794,lars
795,motorcycle
796,dashboard
797,questioned
798,screensaver
799,rain
800,basement
801,snowy
802,herring
803,restoration
804,bear
805,iu
806,candy
807,guinea
808,bees
809,brewery
810,restoration
811,horses
812,firefox
813,elephants
814,terrace
815,bridge
816,waterproof
817,outfit
818,gourmet
819,orchestra
820,tackling
821,cornwall
822,windshield
823,pineapple
824,garrison
825,video
826,arrests
827,clouds
828,mud
829,disabilities
830,wildlife
831,rating
832,mayotte
833,porch
834,abs
835,blinds
836,marilyn
837,mets
838,shy
839,royce
840,overhaul
841,cakes
842,airports
843,mango
844,aes
845,chair
846,wolverhampton
847,parade
848,matches
849,sunflower
850,rumsfeld
851,cavalry
852,macdonald
853,loss
854,slippers
855,grille
856,sun
857,monks
858,clerks
859,aperture
860,liberty
861,grid
862,ribbon
863,ponds
864,social
865,aa
866,gifs
867,wheat
868,angels
869,pyramid
870,caicos
871,ville
872,neonatal
873,pastel
874,nyc
875,abs
876,uefa
877,shreveport
878,barron
879,liechtenstein
880,grey
881,spreads
882,satin
883,purdue
884,tub
885,barn
886,easter
887,coffee
888,vigorous
889,packaging
890,guitars
891,balloons
892,bild
893,glassware
894,lotus
895,plane
896,huang
897,groom
898,globalisation
899,reebok
900,kia
901,motherboards
902,polaroid
903,adopting
904,duluth
905,assign
906,dresses
907,carrie
908,regard
909,banner
910,gauteng
911,nunavut
912,barcelona
913,yellowstone
914,moroccan
915,blackboard
916,borland
917,reformed
918,gardener
919,singing
920,cake
921,belgium
922,jj
923,montreal
924,belts
925,desserts
926,almanac
927,social
928,vail
929,oldsmobile
930,desires
931,spindle
932,quartet
933,picnic
934,assortment
935,reese
936,youngest
937,burgers
938,sicily
939,wheelchair
940,sahara
941,bottle
942,typing
943,geneva
944,kyoto
945,macau
946,aerial
947,logo
948,raton
949,currencies
950,crete
951,ui
952,shoes
953,jeep
954,commonwealth
955,valentino
956,archery
957,leigh
958,beach
959,train
960,diving
961,tackling
962,restaurant
963,blue
964,cosmopolitan
965,floors
966,irene
967,aquaculture
968,italy
969,charters
970,zebra
971,rugby
972,lyon
973,branch
974,invasive
975,rugby
976,soccer
977,welding
978,motel
979,tasmania
980,tulip
981,deer
982,diploma
983,banner
984,marriages
985,alvin
986,acura
987,communist
988,seoul
989,chest
990,sixty
991,aerial
992,clown
993,redwood
994,shenzhen
995,irrigation
996,marriages
997,asians
998,forte
999,truth
1000,nb
1001,moroccan
1002,emblem
1003,photographer
1004,annotated
1005,clouds
1006,pumpkin
1007,mayor
1008,dining
1009,eleven
1010,tribal
1011,husband
1012,stoves
1013,reflected
1014,heels
1015,ruins
1016,moon
1017,amino
1018,monroe
1019,magazine
1020,nigeria
1021,playhouse
1022,snow
1023,pile
1024,bono
1025,danielle
1026,ballet
1027,clouds
1028,bizjournalshire
1029,brighton
1030,acne
1031,fairbanks
1032,mmc
1033,fairies
1034,waterfall
1035,airplanes
1036,clock
1037,topless
1038,brighton
1039,iss
1040,pinkworld
1041,flower
1042,skateboard
1043,limbs
1044,badminton
1045,jupiter
1046,gown
1047,shoppers
1048,gate
1049,bhutan
1050,transistor
1051,sarasota
1052,soldier
1053,postage
1054,laundering
1055,farmer
1056,tomatoes
1057,viking
1058,gifts
1059,tajikistan
1060,cobra
1061,outerwear
1062,badger
1063,nylons
1064,celine
1065,gatwick
1066,platinum
1067,rockport
1068,fireplaces
1069,launch
1070,dolphins
1071,cherries
1072,hiking
1073,infant
1074,annette
1075,laminate
1076,forest
1077,martinique
1078,rocky
1079,nero
1080,cockpit
1081,gta
1082,mall
1083,proposed
1084,quarry
1085,gown
1086,exhibitor
1087,watercolor
1088,bulldog
1089,ottoman
1090,jamaica
1091,salisbury
1092,alamo
1093,clerks
1094,curtains
1095,shirts
1096,miles
1097,gerard
1098,workbook
1099,tree
1100,underwood
1101,clock
1102,hound
1103,teal
1104,ginger
1105,pluto
1106,shannon
1107,coconut
1108,ordinator
1109,noticeable
1110,speeches
1111,liechtenstein
1112,bloodhound
1113,cigarette
1114,hands
1115,pittsburgh
1116,deutsche
1117,exercises
1118,reiki
1119,crocodile
1120,basename
1121,waterfall
1122,chaotic
1123,cricket
1124,dresser
1125,celine
1126,lions
1127,graphite
1128,laurie
1129,cereal
1130,trucking
1131,hips
1132,moldova
1133,irene
1134,swim
1135,aquarium
1136,radial
1137,cornwall
1138,albany
1139,jelsoft
1140,cheese
1141,hogtied
1142,meanings
1143,presenters
1144,aria
1145,comoros
1146,queensland
1147,iu
1148,sheep
1149,elephants
1150,rapids
1151,yachts
1152,msgstr
1153,shenzhen
1154,basename
1155,irene
1156,welding
1157,chapel
1158,nr
1159,trucking
1160,married
1161,impedance
1162,lions
1163,recruits
1164,creampie
1165,prayers
1166,comptroller
1167,bin
1168,nelly
1169,chicken
1170,patriots
1171,edinburgh
1172,leopard
1173,bodybuilding
1174,packard
1175,airsoft
1176,digimon
1177,profile
1178,kiwi
1179,weddings
1180,tubing
1181,patriotic
1182,maroon
1183,woman
1184,terrier
1185,forest
1186,phelps
1187,burgess
1188,grey
1189,sandy
1190,spain
1191,bangbus
1192,fairy
1193,enterprises
1194,columns
1195,orion
1196,neurons
1197,easter
1198,montserrat
1199,motto
1200,booklet
1201,russ
1202,signing
1203,switchfoot
1204,creed
1205,arguments
1206,pope
1207,plugs
1208,aruba
1209,haitian
1210,flats
1211,park
1212,sake
1213,fishes
1214,proactive
1215,sofas
1216,rheumatoid
1217,rally
1218,bridges
1219,catalan
1220,sybase
1221,diagrams
1222,flea
1223,sunlight
1224,whales
1225,turnover
1226,crete
1227,trio
1228,thessalonians
1229,red
1230,homeowner
1231,taxis
1232,ambulance
1233,pot
1234,graders
1235,manila
1236,annex
1237,connor
1238,valentines
1239,camel
1240,swings
1241,tunnel
1242,viper
1243,iu
1244,lions
1245,guess
1246,mexican
1247,christine
1248,pakistan
1249,commanders
1250,boat
1251,chalet
1252,galaxies
1253,burkina
1254,bild
1255,lights
1256,falcon
1257,tiger
1258,theatre
1259,algeria
1260,tiles
1261,budapest
1262,bargain
1263,pigeon
1264,friedrich
1265,royalty
1266,tokelau
1267,stormwater
1268,savanna
1269,interior
1270,booty
1271,bard
1272,croatian
1273,pizza
1274,slr
1275,frog
1276,weddings
1277,getty
1278,basel
1279,grande
1280,millenium
1281,backdrop
1282,travelodge
1283,karate
1284,wavelength
1285,flea
1286,flea
1287,sheep
1288,electrode
1289,banner
1290,refinance
1291,soccer
1292,improved
1293,bookshop
1294,disclosure
1295,commercially
1296,mansion
1297,glendale
1298,madonna
1299,beige
1300,pixar
1301,mailbox
1302,monkey
1303,skateboarding
1304,plan
1305,ring
1306,otter
1307,philippines
1308,topless
1309,jeans
1310,highways
1311,crest
1312,micronesia
1313,steps
1314,archery
1315,drums
1316,peoplesoft
1317,lamp
1318,monogram
1319,compromise
1320,vases
1321,plantronics
1322,interior
1323,upskirt
1324,skyline
1325,ornament
1326,gymnastics
1327,insects
1328,leaflet
1329,seafood
1330,volleyball
1331,iss
1332,autumn
1333,caves
1334,patagonia
1335,peanuts
1336,construction
1337,windsor
1338,sheraton
1339,independent
1340,ropes
1341,sunglasses
1342,irene
1343,angela
1344,cottages
1345,availability
1346,beanie
1347,pines
1348,salts
1349,sweaters
1350,bearings
1351,graffiti
1352,electrode
1353,linksys
1354,volunteering
1355,bologna
1356,gown
1357,irene
1358,bouquets
1359,snowy
1360,guitar
1361,stroller
1362,merriam
1363,grazing
1364,scarborough
1365,clown
1366,sailing
1367,travelodge
1368,twp
1369,timetable
1370,stoves
1371,neon
1372,signing
1373,apples
1374,iss
1375,bathroom
1376,turkmenistan
1377,alley
1378,picasso
1379,groundwater
1380,dj
1381,swings
1382,westin
1383,blackboard
1384,newsfeed
1385,skull
1386,caicos
1387,mailbox
1388,your
1389,contractor
1390,columns
1391,stadium
1392,sidewalk
1393,markus
1394,apples
1395,superman
1396,gown
1397,crane
1398,classrooms
1399,composites
1400,chef
1401,chelsea
1402,vacancies
1403,skiing
1404,bibles
1405,photographs
1406,micronesia
1407,barely
1408,bangkok
1409,housewife
1410,militia
1411,ray
1412,field
1413,kerry
1414,quarry
1415,discounts
1416,washington
1417,transformation
1418,reese
1419,wimbledon
1420,merry
1421,burgundy
1422,kelley
1423,buses
1424,frustrated
1425,plugs
1426,orange
1427,tattoo
1428,hawk
1429,booty
1430,pottery
1431,strings
1432,preferred
1433,performing
1434,lion
1435,bosch
1436,makeup
1437,classroom
1438,bangkok
1439,chocolates
1440,gorilla
1441,prom
1442,thighs
1443,ditch
1444,buildings
1445,bread
1446,clock
1447,impressions
1448,snowy
1449,bedroom
1450,warwickshire
1451,pauline
1452,amazingly
1453,torres
1454,managerial
1455,usgs
1456,booty
1457,perfumes
1458,pierced
1459,sicily
1460,gifts
1461,banjo
1462,tackle
1463,tree
1464,eyewear
1465,banner
1466,wnba
1467,resolutions
1468,necklaces
1469,minimal
1470,rear
1471,dubai
1472,kayaking
1473,scanned
1474,romania
1475,kissing
1476,obstruction
1477,buffalo
1478,tibet
1479,seether
1480,sleeve
1481,directing
1482,conducting
1483,lynx
1484,floral
1485,tenerife
1486,secretary
1487,tractor
1488,shower
1489,blanket
1490,rainy
1491,affirmed
1492,polynesia
1493,inverness
1494,harrington
1495,paz
1496,islam
1497,table
1498,day
1499,compaq
1500,citation
1501,shots
1502,brisbane
1503,lizard
1504,karate
1505,tulip
1506,anesthesia
1507,connor
1508,ws
1509,utilities
1510,somalia
1511,footwear
1512,complain
1513,patagonia
1514,madrid
1515,oldsmobile
1516,intention
1517,istanbul
1518,categories
1519,doncaster
1520,insulation
1521,operators
1522,bild
1523,messaging
1524,footprint
1525,princess
1526,vineyards
1527,sunlight
1528,sal
1529,iu
1530,portland
1531,potter
1532,ruins
1533,beginners
1534,horse
1535,geometric
1536,dairy
1537,draft
1538,graduates
1539,crowd
1540,snow
1541,irene
1542,elephants
1543,managers
1544,which
1545,railways
1546,iu
1547,moc
1548,aristotle
1549,pathway
1550,missouri
1551,saxophone
1552,lyons
1553,headlines
1554,lace
1555,yellowstone
1556,cascade
1557,beard
1558,boxes
1559,filename
1560,leaf
1561,parity
1562,antilles
1563,jockey
1564,zombie
1565,iceland
1566,prevent
1567,longitude
1568,dui
1569,shelters
1570,kosovo
1571,grandparents
1572,mclaren
1573,acne
1574,muslim
1575,definitions
1576,homeowner
1577,turin
1578,colored
1579,webhosting
1580,leaf
1581,football
1582,courtyard
1583,salisbury
1584,asheville
1585,shocked
1586,corridor
1587,hoodia
1588,mccartney
1589,boat
1590,bizrate
1591,oman
1592,suited
1593,seville
1594,tents
1595,donovan
1596,irene
1597,fireplace
1598,secretariat
1599,supernatural
1600,sheep
1601,ginger
1602,secretariat
1603,owl
1604,advertisement
1605,nebraska
1606,albuquerque
1607,rabbit
1608,park
1609,interiors
1610,cranberry
1611,percentage
1612,fringe
1613,mobiles
1614,richter
1615,pauline
1616,entrepreneurship
1617,roses
1618,eagles
1619,ribbon
1620,v
1621,bracelets
1622,speakers
1623,clancy
1624,gallagher
1625,vail
1626,hummer
1627,bosch
1628,sunrise
1629,graduate
1630,balloons
1631,kauai
1632,bridge
1633,scarborough
1634,outfit
1635,bikes
1636,apple
1637,headset
1638,basename
1639,toledo
1640,dubai
1641,jeanne
1642,shinedown
1643,machinery
1644,sleeves
1645,underoath
1646,starch
1647,toulouse
1648,taste
1649,snow
1650,cocktail
1651,hoodia
1652,flooding
1653,golfers
1654,cocktail
1655,fireworks
1656,banner
1657,cookies
1658,kiribati
1659,balcony
1660,renovated
1661,cake
1662,compactflash
1663,packard
1664,decorations
1665,motorcycle
1666,clerks
1667,cake
1668,fruits
1669,householder
1670,volleyball
1671,tissues
1672,jail
1673,dishes
1674,quarry
1675,remortgage
1676,filipino
1677,labrador
1678,backs
1679,iu
1680,sided
1681,rammstein
1682,map
1683,dorm
1684,tuvalu
1685,observatory
1686,ranges
1687,balcony
1688,electrode
1689,earth
1690,backs
1691,barrier
1692,roads
1693,manson
1694,trucks
1695,thornton
1696,walmart
1697,planting
1698,horse
1699,swimsuit
1700,charleston
1701,overlay
1702,ashton
1703,bouquet
1704,ottoman
1705,businessman
1706,bahrain
1707,chair
1708,gull
1709,toddlers
1710,stairs
1711,lionel
1712,maroon
1713,lecturer
1714,legal
1715,gentoo
1716,marching
1717,stony
1718,investigators
1719,flags
1720,poultry
1721,vegas
1722,quarry
1723,hanoi
1724,crane
1725,pool
1726,affects
1727,aerosmith
1728,concordia
1729,funeral
1730,siblings
1731,sign
1732,alloy
1733,banner
1734,blinds
1735,brochure
1736,aircraft
1737,bus
1738,ironing
1739,chairs
1740,highway
1741,mauritania
1742,aquaculture
1743,ducks
1744,nyt
1745,woes
1746,columns
1747,smartphone
1748,custodian
1749,spokane
1750,bus
1751,gilmore
1752,enlisted
1753,helmet
1754,mackenzie
1755,ammo
1756,mum
1757,vows
1758,redhead
1759,musician
1760,leaves
1761,decker
1762,acoustic
1763,sewing
1764,dancers
1765,birthdays
1766,terrier
1767,granite
1768,advent
1769,shopper
1770,leather
1771,bridal
1772,harbor
1773,bears
1774,namibia
1775,logger
1776,undefined
1777,oj
1778,awesome
1779,profile
1780,barbie
1781,eggs
1782,lego
1783,roof
1784,stockings
1785,wheelchair
1786,dana
1787,feminine
1788,fasteners
1789,beijing
1790,cancel
1791,crosby
1792,twice
1793,rocky
1794,shelters
1795,wales
1796,qc
1797,eu
1798,makeup
1799,crosses
1800,criticized
1801,outfitters
1802,aviation
1803,toddler
1804,yves
1805,bovine
1806,bowie
1807,goodwill
1808,endeavor
1809,nephew
1810,proliant
1811,comb
1812,fog
1813,funeral
1814,bild
1815,beige
1816,stadium
1817,fields
1818,anniversary
1819,tie
1820,oman
1821,galway
1822,irene
1823,sandy
1824,coaches
1825,alloy
1826,mound
1827,photography
1828,salisbury
1829,ireland
1830,hungarian
1831,vows
1832,flamingo
1833,nurse
1834,pedigree
1835,sparrow
1836,cycle
1837,demonstrations
1838,iss
1839,clemson
1840,malaga
1841,changelog
1842,arin
1843,burma
1844,monterey
1845,nightlife
1846,irene
1847,transistor
1848,washington
1849,offers
1850,memphis
1851,criticism
1852,sailing
1853,counters
1854,inverness
1855,nicholson
1856,ross
1857,washington
1858,sunset
1859,epson
1860,alvin
1861,flag
1862,locks
1863,laughed
1864,salads
1865,tomatoes
1866,boulder
1867,yoga
1868,legs
1869,ornament
1870,nails
1871,pizza
1872,caicos
1873,bournemouth
1874,mudvayne
1875,nascar
1876,belize
1877,kuwait
1878,garrison
1879,spectra
1880,saxon
1881,devils
1882,mosque
1883,plugs
1884,handbag
1885,ala
1886,yoga
1887,plants
1888,quarry
1889,businessman
1890,paralegal
1891,picnic
1892,brokers
1893,attendant
1894,xmas
1895,communion
1896,clic
1897,capsules
1898,france
1899,flexible
1900,irene
1901,rotary
1902,zebra
1903,soccer
1904,exhibitions
1905,burberry
1906,cat
1907,groundwater
1908,tennis
1909,bild
1910,pci
1911,irene
1912,nhl
1913,sutherland
1914,townhouse
1915,cigarette
1916,sonyericsson
1917,xemacs
1918,petrol
1919,cake
1920,basque
1921,groom
1922,fisherman
1923,attic
1924,vows
1925,moses
1926,proposed
1927,neighbour
1928,retire
1929,heart
1930,bus
1931,denim
1932,log
1933,kitchens
1934,cher
1935,cottages
1936,silica
1937,juvenile
1938,elephants
1939,cartier
1940,trains
1941,profile
1942,vows
1943,gabriel
1944,canadians
1945,sparks
1946,line
1947,flower
1948,beijing
1949,galaxies
1950,scarborough
1951,writers
1952,rockwell
1953,schwarzenegger
1954,boat
1955,platinum
1956,paperwork
1957,monroe
1958,thanked
1959,warrant
1960,crochet
1961,cursor
1962,organisms
1963,violin
1964,rac
1965,experts
1966,yellow
1967,catcher
1968,silhouette
1969,ukraine
1970,moroccan
1971,ingredients
1972,siena
1973,sightseeing
1974,merely
1975,desserts
1976,feeding
1977,mirror
1978,kayaking
1979,saver
1980,princess
1981,grandparents
1982,dinosaurs
1983,prove
1984,nesting
1985,mango
1986,employers
1987,vineyards
1988,expecting
1989,bizjournalshire
1990,bedroom
1991,hsn
1992,easton
1993,subset
1994,splits
1995,ig
1996,porsche
1997,cakes
1998,hat
1999,prairie
2000,contemporary
2001,alphabet
2002,cameltoe
2003,noodles
2004,everything
2005,sulfur
2006,coaching
2007,coventry
2008,belle
2009,hearted
2010,zoloft
2011,pathway
2012,seether
2013,sf
2014,violin
2015,birthdays
2016,duff
2017,irene
2018,chunk
2019,rainy
2020,gown
2021,suvs
2022,nigerian
2023,underwear
2024,invitational
2025,stripes
2026,twiztid
2027,capri
2028,playground
2029,workout
2030,burger
2031,graffiti
2032,ironing
2033,gown
2034,perfumes
2035,pony
2036,scholastic
2037,trousers
2038,preference
2039,sale
2040,covers
2041,forest
2042,nc
2043,carp
2044,cancun
2045,gnu
2046,backpack
2047,stalls
2048,senior
2049,regard
2050,inks
2051,picnic
2052,syndrome
2053,garrison
2054,opal
2055,nutrient
2056,mating
2057,washers
2058,greenland
2059,lc
2060,reebok
2061,zipper
2062,architectures
2063,budapest
2064,roofing
2065,hygiene
2066,winnipeg
2067,madrid
2068,wigan
2069,bild
2070,gorilla
2071,pile
2072,pink
2073,lattice
2074,dwell
2075,white
2076,weezer
2077,venus
2078,rear
2079,bild
2080,armani
2081,municipalities
2082,jail
2083,beers
2084,infoworld
2085,spring
2086,emulator
2087,picnic
2088,pillars
2089,tobago
2090,entrance
2091,geisha
2092,advertisement
2093,purse
2094,spears
2095,cavalier
2096,dunes
2097,israelis
2098,banff
2099,biking
2100,pda
2101,uzbekistan
2102,daewoo
2103,badminton
2104,pantyhose
2105,pharmacy
2106,kayaking
2107,reebok
2108,lamp
2109,factories
2110,motorsport
2111,array
2112,directions
2113,laptops
2114,arctic
2115,woodland
2116,balloons
2117,la
2118,aircraft
2119,cliffs
2120,disturbances
2121,specification
2122,condominiums
2123,iu
2124,affair
2125,pencils
2126,silva
2127,invented
2128,alexa
2129,grandchildren
2130,skirt
2131,yves
2132,quarry
2133,scooters
2134,bedroom
2135,leopard
2136,pointing
2137,emu
2138,citation
2139,lira
2140,kite
2141,exhibitions
2142,storm
2143,coffee
2144,oxley
2145,colors
2146,brokeback
2147,mumbai
2148,classrooms
2149,brasil
2150,alameda
2151,pills
2152,laid
2153,populations
2154,pumps
2155,dangers
2156,brand
2157,whistler
2158,csu
2159,waterfall
2160,hooded
2161,stalls
2162,nepal
2163,index
2164,salad
2165,guess
2166,maroon
2167,attend
2168,gerald
2169,purse
2170,trousers
2171,galloway
2172,chevelle
2173,inhabitants
2174,border
2175,jeans
2176,environmental
2177,canterbury
2178,car
2179,geology
2180,homelessness
2181,comoros
2182,gladly
2183,museums
2184,cats
2185,books
2186,automobile
2187,alley
2188,guiana
2189,eye
2190,ebooks
2191,qatar
2192,waterfall
2193,cheltenham
2194,natal
2195,playground
2196,belgrade
2197,barley
2198,chavez
2199,cake
2200,crown
2201,bono
2202,tasmania
2203,abramoff
2204,cookies
2205,wheat
2206,wrought
2207,sheep
2208,niue
2209,counselors
2210,connectors
2211,coldplay
2212,newborn
2213,nyt
2214,ramps
2215,municipal
2216,backpacks
2217,medications
2218,muller
2219,before
2220,cambridgeshire
2221,museums
2222,bananas
2223,dentist
2224,usher
2225,belgrade
2226,rudolph
2227,logo
2228,albanian
2229,mill
2230,graphite
2231,scarf
2232,balloons
2233,cambridgeshire
2234,draft
2235,fed
2236,sporting
2237,tolkien
2238,strawberry
2239,classrooms
2240,tree
2241,fedora
2242,magazines
2243,hopper
2244,sunglasses
2245,duck
2246,wheel
2247,annual
2248,drawer
2249,social
2250,landscaping
2251,protesters
2252,arabidopsis
2253,diner
2254,theo
2255,tanning
2256,wool
2257,spinach
2258,frog
2259,belfast
2260,kangaroo
2261,dancer
2262,tate
2263,bild
2264,riot
2265,framed
2266,ceiling
2267,rewrite
2268,sailing
2269,musicians
2270,advent
2271,pitcher
2272,ionic
2273,grass
2274,yuan
2275,yosemite
2276,husbands
2277,red
2278,cups
2279,field
2280,giclee
2281,ceilings
2282,qualifying
2283,bee
2284,yves
2285,salisbury
2286,roses
2287,accounted
2288,contrary
2289,herzegovina
2290,underoath
2291,harbour
2292,lattice
2293,bedroom
2294,banner
2295,social
2296,curly
2297,volleyball
2298,snowmobile
2299,gaelic
2300,socket
2301,breakfasts
2302,newspapers
2303,complexity
2304,umbrella
2305,acne
2306,forty
2307,stud
2308,tidal
2309,scottsdale
2310,noir
2311,guards
2312,argentina
2313,cavalry
2314,dubai
2315,equals
2316,bridges
2317,classrooms
2318,pathway
2319,trains
2320,altavista
2321,iss
2322,scuba
2323,climbing
2324,indicator
2325,truck
2326,midget
2327,kauai
2328,balloons
2329,rows
2330,homeowners
2331,butterflies
2332,ruins
2333,neville
2334,dtd
2335,shower
2336,schwarzenegger
2337,acl
2338,gnu
2339,bild
2340,lama
2341,hilfiger
2342,aa
2343,schwarzenegger
2344,generators
2345,driveway
2346,dorado
2347,flea
2348,silhouette
2349,slippers
2350,outfit
2351,undefined
2352,memorials
2353,tobago
2354,sweaters
2355,penguins
2356,dorm
2357,plaid
2358,retriever
2359,creme
2360,opengl
2361,fisherman
2362,nylons
2363,wales
2364,diecast
2365,electric
2366,fiat
2367,glasses
2368,stadium
2369,shinedown
2370,pitbull
2371,elvis
2372,bookmarks
2373,tummy
2374,chef
2375,window
2376,offended
2377,refinance
2378,suvs
2379,bmw
2380,getty
2381,mineral
2382,yugoslavia
2383,sharks
2384,gown
2385,boxing
2386,ranch
2387,banner
2388,sectional
2389,vendor
2390,ballroom
2391,cambodia
2392,kiwi
2393,albuquerque
2394,merry
2395,rally
2396,emerald
2397,canal
2398,manager
2399,leaves
2400,condominiums
2401,puppies
2402,faroe
2403,invite
2404,python
2405,praise
2406,golfers
2407,abandoned
2408,capitol
2409,cambodia
2410,signage
2411,conservatory
2412,autumn
2413,organizer
2414,menu
2415,creek
2416,wrestling
2417,carrier
2418,tiger
2419,nautical
2420,train
2421,stops
2422,salzburg
2423,altar
2424,dogs
2425,weezer
2426,sprint
2427,scarborough
2428,naomi
2429,ig
2430,motorcycle
2431,decorate
2432,cannes
2433,flying
2434,amusement
2435,anthrax
2436,tiger
2437,leipzig
2438,trophy
2439,picnic
2440,anabolic
2441,tomato
2442,bathroom
2443,raf
2444,wy
2445,galactic
2446,silhouette
2447,tuscany
2448,banner
2449,childcare
2450,lecturer
2451,tights
2452,liechtenstein
2453,hammond
2454,kyocera
2455,arabic
2456,ink
2457,bridal
2458,lake
2459,fairbanks
2460,nordic
2461,tubing
2462,sand
2463,branch
2464,quarterback
2465,yellowstone
2466,motivational
2467,ornaments
2468,washing
2469,laos
2470,indonesian
2471,martial
2472,stairs
2473,sectional
2474,organisational
2475,bedroom
2476,airplanes
2477,water
2478,political
2479,parents
2480,landscape
2481,terrier
2482,jasmine
2483,rihanna
2484,nautical
2485,fall
2486,sweater
2487,basement
2488,hats
2489,swindon
2490,turquoise
2491,pvc
2492,slogan
2493,snowboard
2494,undefined
2495,wall
2496,schwarzenegger
2497,nasa
2498,table
2499,bovine
2500,lighthouse
2501,baptism
2502,outfit
2503,lawn
2504,sparc
2505,alarms
2506,roundtable
2507,forests
2508,airport
2509,tack
2510,namibia
2511,allegro
2512,slug
2513,owners
2514,pedestrian
2515,siding
2516,eggs
2517,pizza
2518,circus
2519,doctoral
2520,elephant
2521,specialized
2522,coleman
2523,ussr
2524,autumn
2525,homeowners
2526,flea
2527,appraiser
2528,ferries
2529,kayaking
2530,driving
2531,tights
2532,welcomes
2533,sofa
2534,kayaking
2535,troubleshooting
2536,differentiate
2537,gamefaqs
2538,carlisle
2539,clinton
2540,faucets
2541,saskatchewan
2542,rollers
2543,engraving
2544,elvis
2545,garrison
2546,manor
2547,cathy
2548,educators
2549,bugs
2550,concert
2551,armenia
2552,alley
2553,supernatural
2554,acura
2555,foil
2556,statue
2557,demi
2558,grandparents
2559,agricultural
2560,chevelle
2561,autodesk
2562,equality
2563,cast
2564,washington
2565,towels
2566,tucson
2567,greed
2568,richie
2569,pool
2570,symphony
2571,plane
2572,basil
2573,bloodhound
2574,butterfly
2575,sailing
2576,wallis
2577,pink
2578,grenada
2579,paintball
2580,yves
2581,entropy
2582,jar
2583,quarterback
2584,reebok
2585,kelley
2586,piano
2587,tractor
2588,chevelle
2589,bulb
2590,bloodhound
2591,roses
2592,lucent
2593,floods
2594,arrangements
2595,employed
2596,airports
2597,galveston
2598,liner
2599,mechanic
2600,janis
2601,tennis
2602,decal
2603,golf
2604,knit
2605,beach
2606,scoreboard
2607,hogtied
2608,profile
2609,voluntary
2610,kerala
2611,chico
2612,dodgers
2613,coldplay
2614,wyndham
2615,stroller
2616,frost
2617,ordered
2618,steelers
2619,female
2620,closet
2621,slash
2622,waterfall
2623,oman
2624,balloons
2625,bedrooms
2626,mlb
2627,mosque
2628,trunk
2629,diecast
2630,gifs
2631,elephants
2632,yachts
2633,plaid
2634,defendants
2635,caicos
2636,sale
2637,silhouette
2638,clue
2639,finger
2640,magnolia
2641,figs
2642,jolla
2643,green
2644,bra
2645,premiere
2646,bangalore
2647,walnut
2648,patio
2649,clock
2650,chromatography
2651,horses
2652,blur
2653,edward
2654,garage
2655,overall
2656,selfish
2657,lewis
2658,gears
2659,channel
2660,bulgaria
2661,sugababes
2662,reactions
2663,rome
2664,drums
2665,malta
2666,umbrella
2667,seventh
2668,creed
2669,oslo
2670,loch
2671,hillside
2672,newspapers
2673,classroom
2674,georgetown
2675,lacrosse
2676,sunderland
2677,sulfur
2678,dependencies
2679,reuters
2680,meadow
2681,planting
2682,mill
2683,sunderland
2684,egyptian
2685,mansfield
2686,pear
2687,dolphins
2688,monaco
2689,tyres
2690,classroom
2691,banner
2692,ram
2693,lecturer
2694,clerks
2695,helicopter
2696,prudential
2697,deployment
2698,quilting
2699,pops
2700,backpacks
2701,sisters
2702,buckinghamshire
2703,soho
2704,britney
2705,overall
2706,ballet
2707,scotia
2708,maldives
2709,clerks
2710,badge
2711,bread
2712,regions
2713,iu
2714,hat
2715,mariner
2716,moscow
2717,silva
2718,dresser
2719,oem
2720,coldplay
2721,pig
2722,dollars
2723,burger
2724,webinar
2725,smugmug
2726,supplements
2727,capri
2728,festival
2729,ubuntu
2730,militia
2731,polaroid
2732,guess
2733,pumpkin
2734,port
2735,ignorance
2736,swings
2737,nuevo
2738,syllabus
2739,loss
2740,contractor
2741,cafe
2742,profiles
2743,grinder
2744,expressions
2745,mri
2746,fireplace
2747,grille
2748,fostering
2749,luther
2750,social
2751,sunset
2752,toulouse
2753,textile
2754,before
2755,morocco
2756,relatives
2757,umbrella
2758,drafts
2759,bahamas
2760,unfinished
2761,pentax
2762,evansville
2763,guess
2764,guidelines
2765,baja
2766,egypt
2767,iu
2768,snowy
2769,lenses
2770,propose
2771,snowy
2772,nails
2773,vests
2774,badges
2775,callaway
2776,bust
2777,dlp
2778,runway
2779,bedroom
2780,clic
2781,getty
2782,golfing
2783,microscope
2784,dancers
2785,gazette
2786,namibia
2787,beirut
2788,photography
2789,vance
2790,petrol
2791,ent
2792,ric
2793,drosophila
2794,handbag
2795,sinclair
2796,cells
2797,silhouette
2798,denim
2799,drake
2800,newsroom
2801,payday
2802,outdoors
2803,orchid
2804,vegetables
2805,bridal
2806,flowers
2807,submarine
2808,bitmap
2809,zebra
2810,babes
2811,swings
2812,fog
2813,wildlife
2814,underwater
2815,nike
2816,nation
2817,ibook
2818,recycling
2819,staind
2820,authorizes
2821,pencils
2822,florist
2823,swings
2824,bookmarks
2825,customize
2826,russ
2827,towels
2828,butterfly
2829,beats
2830,photography
2831,rollers
2832,painting
2833,kitchen
2834,dog
2835,paintball
2836,pirate
2837,cat
2838,donald
2839,cashmere
2840,supernatural
2841,bollywood
2842,video
2843,fishermen
2844,uefa
2845,lohan
2846,owls
2847,beige
2848,erickson
2849,lumber
2850,chemotherapy
2851,sunglasses
2852,myanmar
2853,bloodhound
2854,vineyards
2855,penguins
2856,florists
2857,westin
2858,pathway
2859,ribbon
2860,belfast
2861,elk
2862,aaa
2863,purple
2864,brook
2865,vests
2866,vocals
2867,ten
2868,residential
2869,huskies
2870,refused
2871,juvenile
2872,plane
2873,canoe
2874,andersen
2875,shelves
2876,bookmark
2877,lantern
2878,backs
2879,iu
2880,hoodia
2881,swingers
2882,weddings
2883,moroccan
2884,smiles
2885,belts
2886,finland
2887,cialis
2888,fireworks
2889,particulate
2890,chevelle
2891,lantern
2892,hudson
2893,birthdays
2894,martial
2895,fireworks
2896,refused
2897,sennheiser
2898,seats
2899,markers
2900,trish
2901,cert
2902,poverty
2903,pumpkin
2904,helicopter
2905,limerick
2906,overcast
2907,nunavut
2908,nikki
2909,celine
2910,phillies
2911,leopard
2912,performing
2913,coffee
2914,mozambique
2915,burgess
2916,mudvayne
2917,cushions
2918,renders
2919,strollers
2920,commission
2921,presenters
2922,helicopter
2923,algae
2924,denim
2925,pier
2926,seychelles
2927,pakistan
2928,breastfeeding
2929,sparrow
2930,annette
2931,zeppelin
2932,backgammon
2933,enthusiastic
2934,hat
2935,motherboards
2936,skipping
2937,juvenile
2938,conductor
2939,flea
2940,blues
2941,herbal
2942,onions
2943,elk
2944,verona
2945,manchester
2946,wind
2947,smoking
2948,rulemaking
2949,helicopters
2950,hopper
2951,terrier
2952,coat
2953,offenders
2954,shoes
2955,bridge
2956,twiztid
2957,henry
2958,houghton
2959,stripes
2960,mediterranean
2961,harbour
2962,retriever
2963,altar
2964,soho
2965,fountains
2966,hopper
2967,alamo
2968,sahara
2969,oldsmobile
2970,sandwiches
2971,fires
2972,marketplace
2973,sleeves
2974,boots
2975,elk
2976,wks
2977,hugh
2978,egg
2979,suited
2980,refugee
2981,walking
2982,vertices
2983,corridor
2984,soccer
2985,motherboards
2986,gowns
2987,sulfur
2988,licking
2989,lavender
2990,detox
2991,superstore
2992,plaque
2993,anguilla
2994,horsepower
2995,tractor
2996,extensions
2997,petrol
2998,rockets
2999,pitching
3000,dermatology
3001,hand
3002,annapolis
3003,engraving
3004,paintball
3005,greenwich
3006,pavilion
3007,buckingham
3008,weber
3009,lilies
3010,bugzilla
3011,stockholders
3012,deli
3013,bengal
3014,golf
3015,undefined
3016,mongolia
3017,battery
3018,lasik
3019,horticulture
3020,weir
3021,torque
3022,normally
3023,rushing
3024,gravity
3025,textile
3026,clouds
3027,hedge
3028,warwickshire
3029,mgmt
3030,banner
3031,aaa
3032,floral
3033,tehran
3034,settlements
3035,metro
3036,prada
3037,worldcat
3038,classes
3039,birthdays
3040,boise
3041,scrapbooking
3042,artillery
3043,garrison
3044,kitchen
3045,nightwish
3046,discounts
3047,isdn
3048,nanotechnology
3049,benches
3050,horseback
3051,probability
3052,canberra
3053,pregnant
3054,waterfall
3055,camel
3056,pond
3057,childcare
3058,continents
3059,levine
3060,porch
3061,lounge
3062,logo
3063,tie
3064,maroon
3065,directorate
3066,sponge
3067,grandchildren
3068,penguin
3069,fishes
3070,homicide
3071,flowers
3072,ford
3073,twentieth
3074,richter
3075,hillary
3076,swimsuit
3077,resolutions
3078,alto
3079,monaco
3080,lohan
3081,verisign
3082,cake
3083,police
3084,swings
3085,breakers
3086,waltham
3087,autographs
3088,via
3089,husbands
3090,reflections
3091,summers
3092,minnesota
3093,ornaments
3094,cylinders
3095,racing
3096,blondes
3097,overhead
3098,enlisted
3099,leopard
3100,stripes
3101,westminster
3102,swings
3103,firefox
3104,pps
3105,missionary
3106,lotus
3107,engagements
3108,alcoholic
3109,palma
3110,bachelor
3111,statue
3112,retriever
3113,ap
3114,stalls
3115,alloys
3116,watercolor
3117,anatomy
3118,yachts
3119,tasmania
3120,map
3121,packard
3122,buddhist
3123,secretarial
3124,jerusalem
3125,returned
3126,queen
3127,turkmenistan
3128,balcony
3129,laying
3130,gardener
3131,kashmir
3132,walmart
3133,pluto
3134,stormwater
3135,lettering
3136,bedrooms
3137,dunes
3138,canoeing
3139,guess
3140,sarasota
3141,nyc
3142,slate
3143,almond
3144,paris
3145,appalachian
3146,queries
3147,dylan
3148,turtle
3149,seville
3150,juvenile
3151,cavalry
3152,cheque
3153,runway
3154,dragonfly
3155,sampler
3156,percentage
3157,yosemite
3158,g
3159,fundraiser
3160,moonlight
3161,poster
3162,siena
3163,saw
3164,venus
3165,bears
3166,herbal
3167,terrier
3168,atari
3169,visited
3170,eagle
3171,basketball
3172,scarface
3173,banner
3174,z
3175,cows
3176,xmas
3177,sedona
3178,hair
3179,cart
3180,monkeys
3181,pilates
3182,paige
3183,octet
3184,dunes
3185,amino
3186,organic
3187,solitary
3188,tattoo
3189,christmas
3190,rafting
3191,rainbow
3192,tucson
3193,soups
3194,tavern
3195,bouquets
3196,garrison
3197,switchfoot
3198,united
3199,faults
3200,exporting
3201,arabidopsis
3202,egyptian
3203,bed
3204,webs
3205,warsaw
3206,harry
3207,interior
3208,crochet
3209,skeleton
3210,giles
3211,yogurt
3212,typing
3213,webcast
3214,corvette
3215,hog
3216,interchange
3217,fiberglass
3218,montserrat
3219,athletics
3220,bulbs
3221,budapest
3222,mayotte
3223,rollover
3224,wallets
3225,alma
3226,pastel
3227,pointe
3228,zebra
3229,indonesia
3230,facilitator
3231,cpc
3232,tyres
3233,makeup
3234,patriotic
3235,throwing
3236,coats
3237,silhouette
3238,scarborough
3239,kenya
3240,yorkshire
3241,banana
3242,reptiles
3243,wetland
3244,door
3245,kauai
3246,wheat
3247,lacrosse
3248,topps
3249,award
3250,slug
3251,polaroid
3252,aladdin
3253,sparrow
3254,sentences
3255,fireplace
3256,dolphins
3257,fuji
3258,surfer
3259,sperm
3260,aloe
3261,gauges
3262,clipart
3263,audioslave
3264,iu
3265,delphi
3266,rectangle
3267,hugs
3268,tweed
3269,skirts
3270,snowy
3271,suits
3272,alibris
3273,drosophila
3274,cowboy
3275,flamingo
3276,fixed
3277,yellowstone
3278,farmhouse
3279,timer
3280,monogram
3281,rocks
3282,chinese
3283,thumbnails
3284,flowers
3285,maldives
3286,leaves
3287,labels
3288,prague
3289,pilates
3290,abi
3291,plaza
3292,thirty
3293,illustration
3294,kiosk
3295,banner
3296,bats
3297,equals
3298,webcam
3299,averages
3300,kauai
3301,marlboro
3302,showdown
3303,lipstick
3304,hoteles
3305,jeans
3306,chevrolet
3307,prague
3308,officer
3309,waterfall
3310,names
3311,cambodia
3312,palm
3313,tattoo
3314,grandparents
3315,televisions
3316,migraine
3317,athletics
3318,forte
3319,kyoto
3320,clic
3321,homeless
3322,contested
3323,darts
3324,embassy
3325,beans
3326,bono
3327,functions
3328,underoath
3329,kennel
3330,sterile
3331,hyper
3332,flea
3333,moroccan
3334,solar
3335,interior
3336,tights
3337,fireworks
3338,brunch
3339,iu
3340,highway
3341,dance
3342,itk
3343,onions
3344,composites
3345,gambia
3346,cities
3347,defence
3348,layup
3349,coyote
3350,spices
3351,acronym
3352,permitted
3353,mating
3354,penalty
3355,fisherman
3356,prod
3357,tattoos
3358,crowded
3359,infantry
3360,hotel
3361,hats
3362,sofa
3363,bx
3364,diploma
3365,soak
3366,marrow
3367,uk
3368,transistor
3369,sheep
3370,dancers
3371,panorama
3372,dtd
3373,autumn
3374,social
3375,andorra
3376,boots
3377,brides
3378,construction
3379,wiley
3380,these
3381,pollutants
3382,whistler
3383,poster
3384,gladly
3385,supernatural
3386,santa
3387,huskies
3388,montserrat
3389,vendors
3390,questioning
3391,unreasonable
3392,iss
3393,iu
3394,reagan
3395,nightclub
3396,catalan
3397,marathon
3398,rajasthan
3399,physician
3400,elephant
3401,alley
3402,pavilion
3403,barbados
3404,tree
3405,pensacola
3406,skirts
3407,bovine
3408,buckingham
3409,bracelets
3410,invitation
3411,trustees
3412,sheep
3413,usher
3414,mgmt
3415,mole
3416,grenada
3417,pirates
3418,ig
3419,switchfoot
3420,banner
3421,tattoo
3422,deck
3423,underwater
3424,header
3425,outerwear
3426,disability
3427,lamp
3428,graphs
3429,roads
3430,thermometer
3431,brochure
3432,breastfeeding
3433,lecturer
3434,jewellery
3435,reactions
3436,redevelopment
3437,wwii
3438,bullets
3439,wiltshire
3440,turquoise
3441,minimizing
3442,ashanti
3443,profession
3444,mirror
3445,lisbon
3446,moroccan
3447,sweatshirt
3448,hague
3449,suede
3450,fireplace
3451,factories
3452,moldova
3453,mouth
3454,grandfather
3455,render
3456,griffith
3457,interiors
3458,subway
3459,cemeteries
3460,decorate
3461,upskirt
3462,caicos
3463,galway
3464,newsroom
3465,gown
3466,aerosmith
3467,amsterdam
3468,coastline
3469,orion
3470,mont
3471,fern
3472,silica
3473,acorn
3474,cookies
3475,casualties
3476,furniture
3477,sponge
3478,ers
3479,fleming
3480,timeout
3481,bikes
3482,smallest
3483,bedroom
3484,fireworks
3485,sustainability
3486,greenwich
3487,budapest
3488,windows
3489,berg
3490,giclee
3491,blur
3492,cannes
3493,clipart
3494,cooperation
3495,winery
3496,biking
3497,cathy
3498,lecture
3499,colombia
3500,supra
3501,hearted
3502,villagers
3503,towel
3504,restaurant
3505,wheat
3506,refrigerator
3507,aston
3508,dentists
3509,disciplinary
3510,vladimir
3511,pearls
3512,whistler
3513,textile
3514,employees
3515,turquoise
3516,gardens
3517,minors
3518,rear
3519,greece
3520,basename
3521,limbs
3522,shells
3523,dress
3524,kyoto
3525,hl
3526,remembrance
3527,syn
3528,triangle
3529,hogtied
3530,tahoe
3531,clipart
3532,tractor
3533,courtyard
3534,vows
3535,altar
3536,window
3537,cookies
3538,social
3539,fairbanks
3540,system
3541,mets
3542,turbulence
3543,jeans
3544,mckenzie
3545,orbitz
3546,composites
3547,marrow
3548,boats
3549,grease
3550,bruins
3551,red
3552,marrow
3553,thailand
3554,lizard
3555,loss
3556,deputy
3557,weezer
3558,dogs
3559,clerks
3560,maven
3561,specified
3562,godfather
3563,refused
3564,rustic
3565,fences
3566,aaa
3567,emu
3568,instruments
3569,banner
3570,frankfurt
3571,greenwich
3572,mona
3573,ropes
3574,shoppers
3575,attic
3576,congressman
3577,cabin
3578,flowers
3579,wines
3580,compartment
3581,bottle
3582,compactflash
3583,closed
3584,nuclei
3585,organ
3586,roadside
3587,cannes
3588,tea
3589,loader
3590,kramer
3591,anon
3592,khan
3593,rally
3594,barber
3595,santa
3596,houses
3597,regard
3598,seafood
3599,smokers
3600,delivery
3601,trees
3602,cores
3603,airsoft
3604,volleyball
3605,photography
3606,horoscopes
3607,gauges
3608,linksys
3609,brain
3610,edison
3611,alaska
3612,trucking
3613,navigation
3614,polaroid
3615,nes
3616,segregation
3617,tamiflu
3618,gladly
3619,commandments
3620,ati
3621,garrison
3622,kite
3623,pizza
3624,sanyo
3625,kitchens
3626,trolley
3627,observatory
3628,alps
3629,scrolling
3630,warehouses
3631,guinea
3632,storms
3633,advent
3634,billiard
3635,cheerleader
3636,vegetable
3637,sightseeing
3638,salads
3639,azerbaijan
3640,hoodia
3641,edgar
3642,kindergarten
3643,purple
3644,finger
3645,treasures
3646,la
3647,bild
3648,bunny
3649,graphite
3650,dryers
3651,normally
3652,armstrong
3653,swimsuit
3654,thumb
3655,breakers
3656,dab
3657,paige
3658,plants
3659,reptiles
3660,nascar
3661,windshield
3662,banner
3663,gatwick
3664,quilt
3665,restaurant
3666,video
3667,spheres
3668,holland
3669,namibia
3670,superannuation
3671,bed
3672,cake
3673,details
3674,webcast
3675,silhouette
3676,palm
3677,social
3678,playhouse
3679,chocolate
3680,medications
3681,wavelength
3682,svalbard
3683,lavigne
3684,cow
3685,fireplace
3686,pakistan
3687,stanley
3688,doors
3689,chatting
3690,header
3691,stocking
3692,locks
3693,momma
3694,mudvayne
3695,msc
3696,reef
3697,australia
3698,washington
3699,jumps
3700,layup
3701,fireworks
3702,gomez
3703,geisha
3704,seafood
3705,skull
3706,cover
3707,curtain
3708,parties
3709,eu
3710,waterfall
3711,telescopes
3712,social
3713,graphite
3714,am
3715,chennai
3716,interior
3717,cabins
3718,black
3719,banner
3720,floods
3721,harbor
3722,panorama
3723,washington
3724,navy
3725,hug
3726,clerks
3727,restoration
3728,thames
3729,lens
3730,buckingham
3731,alps
3732,wiring
3733,cleveland
3734,singular
3735,swings
3736,cologne
3737,coefficients
3738,conducting
3739,helicopter
3740,creatine
3741,domino
3742,holdem
3743,concordia
3744,restaurant
3745,plaid
3746,detection
3747,norman
3748,videogames
3749,paintball
3750,bacon
3751,habitat
3752,boating
3753,galaxies
3754,china
3755,rain
3756,raiders
3757,sisters
3758,planar
3759,police
3760,gowns
3761,fishes
3762,brass
3763,pills
3764,autographs
3765,griffith
3766,gown
3767,drupal
3768,cat
3769,endeavour
3770,composites
3771,transistor
3772,episodes
3773,mermaid
3774,welding
3775,herzegovina
3776,eggs
3777,profileprofile
3778,tutorial
3779,cartoon
3780,herald
3781,white
3782,clouds
3783,oregon
3784,blink
3785,kitchen
3786,kendall
3787,blue
3788,fairy
3789,students
3790,arose
3791,cingular
3792,museums
3793,diving
3794,seminars
3795,summit
3796,garrison
3797,tokelau
3798,kerala
3799,elect
3800,irene
3801,firefighter
3802,bestselling
3803,violin
3804,coke
3805,violin
3806,ceo
3807,finding
3808,horses
3809,trivium
3810,mill
3811,social
3812,rsvp
3813,chart
3814,rocker
3815,barking
3816,landscaping
3817,albuquerque
3818,caicos
3819,lama
3820,wheelchair
3821,roulette
3822,gathered
3823,chimney
3824,westfield
3825,pointing
3826,specialized
3827,senior
3828,settlers
3829,bangalore
3830,garden
3831,circuits
3832,westfield
3833,mitsubishi
3834,bhutan
3835,candle
3836,logo
3837,roses
3838,banner
3839,baseball
3840,beavers
3841,rockwell
3842,garrison
3843,yellowstone
3844,caicos
3845,irene
3846,madonna
3847,specialty
3848,duck
3849,containers
3850,spears
3851,elephant
3852,gorilla
3853,grandparents
3854,underoath
3855,durban
3856,vampire
3857,gloucestershire
3858,jerusalem
3859,pluto
3860,lycos
3861,habitat
3862,proposing
3863,coat
3864,interviewing
3865,dog
3866,coordinate
3867,escherichia
3868,netherlands
3869,hearts
3870,pedestrian
3871,alone
3872,rumsfeld
3873,chelsea
3874,sunset
3875,moroccan
3876,tribal
3877,market
3878,hastings
3879,acl
3880,bw
3881,nikon
3882,coffee
3883,tx
3884,rcs
3885,presidency
3886,blogshares
3887,poe
3888,stamps
3889,protesters
3890,rugby
3891,rainforest
3892,backpacks
3893,backs
3894,banner
3895,two
3896,maine
3897,survive
3898,preset
3899,market
3900,dresses
3901,clouds
3902,bouquet
3903,brokers
3904,alexa
3905,clic
3906,charlottesville
3907,manuscript
3908,milk
3909,shelving
3910,iu
3911,welfare
3912,beaten
3913,phoenix
3914,lipstick
3915,bmw
3916,invitations
3917,keyboards
3918,gown
3919,invitations
3920,cleaned
3921,screws
3922,minolta
3923,cayman
3924,liners
3925,diary
3926,flea
3927,lizard
3928,unwanted
3929,skating
3930,porch
3931,indicators
3932,nepal
3933,neither
3934,mosque
3935,vermont
3936,rooted
3937,nest
3938,deer
3939,meridia
3940,kuwait
3941,grease
3942,henry
3943,kirk
3944,chess
3945,reverend
3946,dram
3947,wwii
3948,fundamentally
3949,sheep
3950,licensed
3951,ram
3952,flower
3953,resort
3954,silver
3955,alphabet
3956,manhattan
3957,turquoise
3958,architect
3959,ryder
3960,lynx
3961,istanbul
3962,leigh
3963,greenwich
3964,canopy
3965,kite
3966,pie
3967,breakers
3968,pilates
3969,aq
3970,crescent
3971,kitchen
3972,robotics
3973,catchment
3974,ocean
3975,statute
3976,beast
3977,taxi
3978,fairy
3979,kelley
3980,europa
3981,tower
3982,ricoh
3983,croix
3984,ornaments
3985,merry
3986,senior
3987,frontgate
3988,globes
3989,gown
3990,bild
3991,shinedown
3992,incense
3993,courtroom
3994,purple
3995,marriage
3996,pigs
3997,playback
3998,vineyards
3999,aluminium
4000,demanding
4001,mango
4002,grease
4003,banner
4004,ig
4005,the
4006,baptism
4007,proposal
4008,habit
4009,ramones
4010,libertarian
4011,champagne
4012,builder
4013,roswell
4014,jerseys
4015,maltese
4016,reef
4017,rugby
4018,saddam
4019,sophomore
4020,phuket
4021,irene
4022,quarterback
4023,nyc
4024,hose
4025,fields
4026,newsgator
4027,turner
4028,orchid
4029,tomato
4030,market
4031,bloomfield
4032,photographs
4033,iu
4034,proactive
4035,modeled
4036,fernando
4037,ffi
4038,kitchens
4039,horsepower
4040,phuket
4041,tent
4042,keystone
4043,fall
4044,monkeys
4045,rammstein
4046,skirt
4047,allocated
4048,iss
4049,craigslist
4050,hoodia
4051,clerks
4052,toolbox
4053,musicians
4054,connectors
4055,delivery
4056,proposing
4057,graffiti
4058,textile
4059,perceive
4060,glacier
4061,mandy
4062,scotland
4063,mandy
4064,homeowners
4065,miners
4066,gameplay
4067,webcam
4068,tummy
4069,gallery
4070,policing
4071,iu
4072,rugby
4073,clipart
4074,freeman
4075,waterfall
4076,nurse
4077,paintings
4078,surround
4079,laserjet
4080,visitor
4081,roadmap
4082,sedona
4083,regiment
4084,months
4085,bus
4086,riddle
4087,celtic
4088,purdue
4089,horsepower
4090,commonwealth
4091,citrus
4092,cambodia
4093,diving
4094,bollywood
4095,singing
